"","estimate","statistic","p.value","parameter","conf.low","conf.high","method","alternative"
"1",8.03604762470237,1.26399175991088,0.221520857548027,19,-5.27071711406358,21.3428123634683,"Paired t-test","two.sided"
"2",-0.0200227734408555,-0.732961114822354,0.472528979102178,19,-0.0771992669821746,0.0371537201004636,"Paired t-test","two.sided"
"3",-0.251787061721049,-1.93927446019617,0.067463691222177,19,-0.523536310003128,0.0199621865610309,"Paired t-test","two.sided"
"4",1.6488228,19.8686710518199,3.58985096330953e-14,19,1.47513097265754,1.82251462734246,"Paired t-test","two.sided"
"5",-0.0090546,-1.35796118559658,0.190384950406643,19,-0.0230104448386135,0.00490124483861353,"Paired t-test","two.sided"
