"","estimate","statistic","p.value","parameter","conf.low","conf.high","method","alternative"
"1",-3.74255525317315,-0.586669380364387,0.564331982138392,19,-17.0946380991847,9.60952759283844,"Paired t-test","two.sided"
"2",-0.0272112620378426,-0.353852467450745,0.72734579139764,19,-0.188164854947125,0.13374233087144,"Paired t-test","two.sided"
"3",-0.0678765763347291,-2.92215989844983,0.00874208304081443,19,-0.116493801926948,-0.0192593507425105,"Paired t-test","two.sided"
"4",0.7818014,9.51699346304319,1.1612563191219e-08,19,0.609863787315452,0.953739012684548,"Paired t-test","two.sided"
"5",0.04346435,8.8650183691421,3.53073058855209e-08,19,0.0332024502191848,0.0537262497808152,"Paired t-test","two.sided"
