"","estimate","statistic","p.value","parameter","conf.low","conf.high","method","alternative"
"1",11.5240995288668,4.52151612243771,1.80694873834365e-05,93,6.46283752438949,16.5853615333441,"Paired t-test","two.sided"
"2",-0.0456266317255724,-3.17280929107986,0.00204638766292558,93,-0.0741834845808201,-0.0170697788703247,"Paired t-test","two.sided"
"3",-0.352858927143646,-6.65869308917586,1.90580472242576e-09,93,-0.458090973184185,-0.247626881103107,"Paired t-test","two.sided"
"4",1.54483080851064,42.4819066252234,1.05669804649224e-62,93,1.47261823459155,1.61704338242973,"Paired t-test","two.sided"
"5",0.766610926998057,57.9929812120758,8.16620628217113e-75,93,0.740360554316525,0.792861299679589,"Paired t-test","two.sided"
"6",0.00148655319148936,0.441922860316382,0.659570955113806,93,-0.00519334570006776,0.00816645208304648,"Paired t-test","two.sided"
