"","var","estimate","statistic","p.value","parameter","conf.low","conf.high","method","alternative"
"1","SRL",11.2896356458881,4.43307218281198,2.53977222194347e-05,93,6.23242520031237,16.3468460914638,"Paired t-test","two.sided"
"2","RTD",-0.0502921756266401,-3.32428767747523,0.00126930921736558,93,-0.0803347902545748,-0.0202495609987054,"Paired t-test","two.sided"
"3","RTD_log",-0.352858927143646,-6.65869308917586,1.90580472242573e-09,93,-0.458090973184185,-0.247626881103107,"Paired t-test","two.sided"
"4","Branching.frequency.per.mm",1.54483080851064,42.4819066252234,1.05669804649224e-62,93,1.47261823459155,1.61704338242973,"Paired t-test","two.sided"
"5","BF_sqrt",0.766610926998057,57.9929812120758,8.16620628217113e-75,93,0.740360554316525,0.792861299679589,"Paired t-test","two.sided"
"6","Average.Diameter.mm",0.00148655319148936,0.441922860316382,0.659570955113806,93,-0.00519334570006776,0.00816645208304648,"Paired t-test","two.sided"
