"","var","estimate","statistic","p.value","parameter","conf.low","conf.high","method","alternative"
"1","SRL",-11.7786028778755,-2.40527957847053,0.026512216492482,19,-22.0280971035708,-1.52910865218029,"Paired t-test","two.sided"
"2","RTD",-0.0478538028938736,-1.71993599593037,0.101691646418192,19,-0.106088039975244,0.0103804341874963,"Paired t-test","two.sided"
"3","Branching.frequency.per.mm",-0.8670214,-12.6296797423928,1.08704782458908e-10,19,-1.01070648805457,-0.723336311945427,"Paired t-test","two.sided"
"4","Average.Diameter.mm",0.05251895,9.01097019283719,2.7403135980008e-08,19,0.0403201053351219,0.0647177946648781,"Paired t-test","two.sided"
